cfrc10353aq016.rockwellcollins.com,Red Hat Enterprise Linux,8.10
cfrc10353aq013.rockwellcollins.com,Red Hat Enterprise Linux,8.10
cfrc10353aq014.rockwellcollins.com,Red Hat Enterprise Linux,8.10
cfrc10353ap011.rockwellcollins.com,Red Hat Enterprise Linux,8.10
cfrc10353aq017.rockwellcollins.com,Red Hat Enterprise Linux,8.10
cfrc10353ap022,Red Hat Enterprise Linux,8.10
cfrc10353ap012.rockwellcollins.com,Red Hat Enterprise Linux,8.10
cfrc10353ap016.rockwellcollins.com,Red Hat Enterprise Linux,8.10
cfrc10353ap017.rockwellcollins.com,Red Hat Enterprise Linux,8.10
cfrc10353dp003.rockwellcollins.com,Red Hat Enterprise Linux,8.10
bllinalm04,Red Hat Enterprise Linux,8.10
cfrc10353aq012.rockwellcollins.com,Red Hat Enterprise Linux,8.10
cfrc10353dq003.rockwellcollins.com,Red Hat Enterprise Linux,8.10
cfrc10353ap014.rockwellcollins.com,Red Hat Enterprise Linux,8.10
bllinalm01,Red Hat Enterprise Linux,8.10
bllinsvn02,Red Hat Enterprise Linux,8.10
cfrc10353ap013.rockwellcollins.com,Red Hat Enterprise Linux,8.10
bllinalm02,Red Hat Enterprise Linux,8.10
bllinalm05,Red Hat Enterprise Linux,8.10
